Female,Age,Credit Score,Membership,Loan Amount,High Risk
1,24,109,0,9495,0
0,59,128,1,9327,1
1,46,27,1,2724,1
1,12,10,1,7426,0
1,23,152,0,5147,0
1,4,15,0,3486,0
0,7,137,1,3361,0
0,33,94,1,5969,0
0,41,176,1,2075,0
0,22,193,1,4425,1
0,49,193,0,7856,0
1,53,53,0,4905,0
1,26,27,1,602,0
1,55,182,0,5334,0
0,62,194,1,7045,0
1,25,70,0,7222,1
0,14,170,1,2418,0
0,22,36,0,9038,1
1,19,44,0,9419,1
1,16,117,0,1961,1
1,26,12,0,4243,1
0,53,168,1,3201,0
0,35,180,1,9106,0
1,1,115,1,3735,0
1,33,158,1,7867,1
1,40,113,1,4551,0
0,64,60,1,9455,1
0,7,112,1,5176,0
1,64,144,0,4445,0
0,28,89,0,8840,1
0,16,120,0,8470,0
0,3,68,1,982,0
0,15,115,1,4959,1
0,51,145,0,8494,1
1,26,180,0,2673,1
1,4,37,0,7780,1
0,4,118,0,8143,1
1,52,90,0,1041,1
1,53,10,1,4892,1
0,49,174,0,3560,0
0,47,111,0,4830,1
1,34,96,1,7787,0
1,46,41,1,1762,1
1,27,193,1,7502,1
1,45,196,1,6401,0
0,64,190,0,4096,1
0,41,149,0,6345,0
0,60,103,1,2496,0
0,26,17,0,1411,1
0,14,47,1,8227,0
1,53,102,0,9567,1
0,8,197,1,8669,0
0,8,141,1,8448,0
1,63,38,1,2603,1
0,26,94,1,6345,1
1,15,37,1,9481,0
0,42,149,1,424,0
0,5,164,1,5398,1
0,1,105,0,5175,0
1,1,70,0,2455,1
0,44,13,1,787,0
1,3,110,0,3420,1
0,19,93,1,7207,0
1,14,151,0,7370,1
1,15,164,0,9394,0
1,63,69,0,8290,1
0,37,162,1,5123,1
1,45,160,1,2525,1
0,22,110,0,4759,1
0,13,160,0,1350,0
1,53,27,0,6941,1
1,21,40,0,6802,0
1,19,192,0,4468,1
0,19,80,1,1238,0
1,31,64,0,1201,0
0,5,137,1,1661,0
0,38,51,1,5172,1
1,1,167,0,6383,0
0,44,197,0,9981,0
1,8,56,1,5214,0
0,22,189,0,5774,0
0,65,115,1,5754,0
0,51,164,1,5737,0
1,65,166,1,4503,0
1,21,18,0,10000,0
1,15,40,0,3935,0
1,38,28,0,5549,1
0,60,127,1,5905,1
1,8,109,0,7055,1
0,24,79,0,3527,1
1,43,16,1,9480,1
1,15,17,1,3531,1
1,33,184,1,9206,1
0,58,116,1,8835,0
0,27,48,1,6790,1
1,35,141,1,9980,1
1,55,129,1,1416,0
1,5,122,0,6378,0
0,42,21,0,7834,0
0,26,17,0,1411,1
0,14,47,1,8227,1
1,53,102,0,9567,1
0,8,197,1,8669,1
0,8,141,1,8448,1
1,63,38,1,2603,1
0,26,94,1,6345,1
1,15,37,1,9481,1
0,42,149,1,424,1
0,5,164,1,5398,1
0,1,105,0,5175,1
1,1,70,0,2455,1
0,44,13,1,787,1
1,3,110,0,3420,1
0,19,93,1,7207,1
1,14,151,0,7370,1
1,15,164,0,9394,1
1,63,69,0,8290,1
0,37,162,1,5123,1
1,45,160,1,2525,1
0,22,110,0,4759,1
0,13,160,0,1350,1
1,53,27,0,6941,1
1,21,40,0,6802,1
1,19,192,0,4468,1
0,19,80,1,1238,1
1,31,64,0,1201,1
0,5,137,1,1661,1
0,38,51,1,5172,1
1,1,167,0,6383,1
0,44,197,0,9981,1
1,8,56,1,5214,1
0,22,189,0,5774,1
0,65,115,1,5754,1
0,51,164,1,5737,1
1,65,166,1,4503,1
1,21,18,0,10000,1
1,15,40,0,3935,1
1,38,28,0,5549,1
0,60,127,1,5905,1
1,8,109,0,7055,1
0,24,79,0,3527,1
1,43,16,1,9480,1
1,15,17,1,3531,1
1,33,184,1,9206,1
0,58,116,1,8835,1
0,27,48,1,6790,1
1,35,141,1,9980,1
1,55,129,1,1416,1
1,5,122,0,6378,1
0,42,21,0,7834,1
1,24,109,1,9495,1
0,59,128,1,9327,1
1,46,27,1,2724,1
1,12,10,1,7426,1
1,23,152,1,5147,1
1,4,15,1,3486,1
0,7,137,1,3361,1
0,33,94,1,5969,1
0,41,176,1,2075,1
0,22,193,1,4425,1
0,49,193,1,7856,1
1,53,53,1,4905,1
1,26,27,1,602,1
1,55,182,1,5334,1
0,62,194,1,7045,1
1,25,70,1,7222,1
0,14,170,1,2418,1
0,22,36,1,9038,1
1,19,44,1,9419,1
1,16,117,1,1961,1
1,26,12,1,4243,1
0,53,168,1,3201,1
0,35,180,1,9106,1
1,1,115,1,3735,1
1,33,158,1,7867,1
1,40,113,1,4551,1
0,64,60,1,9455,1
0,7,112,1,5176,1
1,64,144,1,4445,1
0,28,89,1,8840,1
0,16,120,1,8470,1
0,3,68,1,982,1
0,15,115,1,4959,1
0,51,145,1,8494,1
1,26,180,1,2673,1
1,4,37,1,7780,1
0,4,118,1,8143,1
1,52,90,1,1041,1
1,53,10,1,4892,1
0,49,174,1,3560,1
0,47,111,1,4830,1
1,34,96,1,7787,1
1,46,41,1,1762,1
1,27,193,1,7502,1
1,45,196,1,6401,1
0,64,190,1,4096,1
0,41,149,1,6345,1
0,60,103,1,2496,1
0,26,17,1,1411,1
0,14,47,1,8227,1
1,53,102,1,9567,1
0,8,197,1,8669,1
0,8,141,1,8448,1
1,63,38,1,2603,1
0,26,94,1,6345,1
1,15,37,1,9481,1
0,42,149,1,424,1
0,5,164,1,5398,1
0,1,105,1,5175,1
1,1,70,1,2455,1
0,44,13,1,787,1
1,3,110,1,3420,1
0,19,93,1,7207,1
1,14,151,1,7370,1
1,15,164,1,9394,1
1,63,69,1,8290,1
0,37,162,1,5123,1
1,45,160,1,2525,1
0,22,110,1,4759,1
0,13,160,1,1350,1
1,53,27,1,6941,1
1,21,40,1,6802,1
1,19,192,1,4468,1
0,19,80,1,1238,1
1,31,64,1,1201,1
0,5,137,1,1661,1
0,38,51,1,5172,1
1,1,167,1,6383,1
0,44,197,1,9981,1
1,8,56,1,5214,1
0,22,189,1,5774,1
0,65,115,1,5754,1
0,51,164,1,5737,1
1,65,166,1,4503,1
1,21,18,1,10000,1
1,15,40,1,3935,1
1,38,28,1,5549,1
0,60,127,1,5905,1
1,8,109,1,7055,1
0,24,79,1,3527,1
1,43,16,1,9480,1
1,15,17,1,3531,1
1,33,184,1,9206,1
0,58,116,1,8835,1
0,27,48,1,6790,1
1,35,141,1,9980,1
1,55,129,1,1416,1
1,5,122,1,6378,1
0,42,21,1,7834,1
0,26,17,1,1411,1
0,14,47,1,8227,1
1,53,102,1,9567,1
0,8,197,1,8669,1
0,8,141,1,8448,1
1,63,38,1,2603,1
0,26,94,1,6345,1
1,15,37,1,9481,1
0,42,149,1,424,1
0,5,164,1,5398,1
0,1,105,1,5175,1
1,1,70,1,2455,1
0,44,13,1,787,1
1,3,110,1,3420,1
0,19,93,1,7207,1
1,14,151,1,7370,1
1,15,164,1,9394,1
1,63,69,1,8290,1
0,37,162,1,5123,1
1,45,160,1,2525,1
0,22,110,1,4759,1
0,13,160,1,1350,1
1,53,27,1,6941,1
1,21,40,1,6802,1
1,19,192,1,4468,1
0,19,80,1,1238,1
1,31,64,1,1201,1
0,5,137,1,1661,1
0,38,51,1,5172,1
1,1,167,1,6383,1
0,44,197,1,9981,1
1,8,56,1,5214,1
0,22,189,1,5774,1
0,65,115,1,5754,1
0,51,164,1,5737,1
1,65,166,1,4503,1
1,21,18,1,10000,1
1,15,40,1,3935,1
1,38,28,1,5549,1
0,60,127,1,5905,1
1,8,109,1,7055,1
0,24,79,1,3527,1
1,43,16,1,9480,1
0,23,193,0,7856,0
1,23,53,0,4905,0
1,20,27,1,602,0
1,30,182,0,5334,0
0,26,194,1,7045,0
1,26,70,0,7222,0
0,23,170,1,2418,0
0,30,36,0,9038,0
1,25,44,0,9419,0
1,30,117,0,1961,0
1,30,12,0,4243,0
0,29,168,1,3201,0
0,24,180,1,9106,0
1,29,115,1,3735,0
1,28,158,1,7867,0
1,29,113,1,4551,0
0,26,60,1,9455,0
0,25,112,1,5176,0
1,20,144,0,4445,0
0,30,89,0,8840,0
0,27,120,0,8470,0
0,22,68,1,982,0
0,21,115,1,4959,0
0,26,145,0,8494,0
1,24,180,0,2673,0
1,20,37,0,7780,0
0,23,118,0,8143,0
1,21,90,0,1041,0
1,20,10,1,4892,0
0,29,174,0,3560,0
0,20,111,0,4830,0
1,30,96,1,7787,0
1,28,41,1,1762,0
1,25,193,1,7502,0
1,20,196,1,6401,0
0,21,190,0,4096,0
0,23,149,0,6345,0
0,25,103,1,2496,0
0,25,17,0,1411,0
0,25,47,1,8227,0
1,20,102,0,9567,0
0,29,197,1,8669,0
0,24,141,1,8448,0
1,29,38,1,2603,0
0,23,94,1,6345,0
1,20,37,1,9481,0
0,28,149,1,424,0
0,23,164,1,5398,0
0,29,105,0,5175,0
1,27,70,0,2455,0
0,29,13,1,787,0
1,26,110,0,3420,0
0,20,93,1,7207,0
1,23,151,0,7370,0
1,21,164,0,9394,0
1,25,69,0,8290,0
0,26,162,1,5123,0
0,23,36,0,9038,0
1,29,44,0,9419,0
1,20,117,0,1961,0
1,23,12,0,4243,0
0,23,168,1,3201,0
0,30,180,1,9106,0
1,22,115,1,3735,0
1,20,158,1,7867,0
1,21,113,1,4551,0
0,25,60,1,9455,0
0,24,112,1,5176,0
1,30,144,0,4445,0
0,24,89,0,8840,0
0,30,120,0,8470,0
0,29,68,1,982,0
0,30,115,1,4959,0
0,25,145,0,8494,0
1,20,180,0,2673,0
1,24,37,0,7780,0
0,29,118,0,8143,0
1,22,90,0,1041,0
1,27,10,1,4892,0
0,30,174,0,3560,0
0,20,111,0,4830,0
1,28,96,1,7787,0
1,22,41,1,1762,0
1,27,193,1,7502,0
1,22,196,1,6401,0
0,27,190,0,4096,0
0,25,149,0,6345,0
0,30,103,1,2496,0
0,27,17,0,1411,0
0,21,47,1,8227,0
1,29,102,0,9567,0
0,29,197,1,8669,0
0,27,141,1,8448,0
1,23,38,1,2603,0
0,29,94,1,6345,0
1,22,37,1,9481,0
0,25,149,1,424,0
0,22,164,1,5398,0
0,30,105,0,5175,0
1,30,70,0,2455,0
0,25,13,1,787,0
1,27,110,0,3420,0
0,28,93,1,7207,0
1,24,151,0,7370,0
1,30,164,0,9394,0
1,21,69,0,8290,0
0,27,162,1,5123,0
0,21,193,0,7856,0
1,26,53,0,4905,0
1,22,27,1,602,0
1,28,182,0,5334,0
0,22,194,1,7045,0
1,27,70,0,7222,0
0,20,170,1,2418,0
0,27,36,0,9038,0
1,27,44,0,9419,0
1,26,117,0,1961,0
1,30,12,0,4243,0
0,28,168,1,3201,0
0,22,180,1,9106,0
1,27,115,1,3735,0
1,21,158,1,7867,0
1,27,113,1,4551,0
0,28,60,1,9455,0
0,25,112,1,5176,0
1,20,144,0,4445,0
0,24,89,0,8840,0
0,25,120,0,8470,0
0,24,68,1,982,0
0,26,115,1,4959,0
0,26,145,0,8494,0
1,20,180,0,2673,0
1,23,37,0,7780,0
0,22,118,0,8143,0
1,25,90,0,1041,0
1,30,10,1,4892,0
0,24,174,0,3560,0
0,27,111,0,4830,0
1,25,96,1,7787,0
1,26,41,1,1762,0
1,21,193,1,7502,0
1,28,196,1,6401,0
0,20,190,0,4096,0
0,21,149,0,6345,0
0,26,103,1,2496,0
0,26,17,0,1411,0
0,26,47,1,8227,0
1,28,102,0,9567,0
0,22,197,1,8669,0
0,24,141,1,8448,0
1,21,38,1,2603,0
0,26,94,1,6345,0
1,28,37,1,9481,0
0,22,149,1,424,0
0,21,164,1,5398,0
0,25,105,0,5175,0
1,28,70,0,2455,0
0,21,13,1,787,0
1,24,110,0,3420,0
0,30,93,1,7207,0
1,29,151,0,7370,0
1,24,164,0,9394,0
1,20,69,0,8290,0
0,25,162,1,5123,0
0,22,36,0,9038,0
1,27,44,0,9419,0
1,24,117,0,1961,0
1,30,12,0,4243,0
0,26,168,1,3201,0
0,27,180,1,9106,0
1,29,115,1,3735,0
1,24,158,1,7867,0
1,29,113,1,4551,0
0,21,60,1,9455,0
0,27,112,1,5176,0
1,23,144,0,4445,0
0,20,89,0,8840,0
0,27,120,0,8470,0
0,24,68,1,982,0
0,27,115,1,4959,0
0,25,145,0,8494,0
1,24,180,0,2673,0
1,27,37,0,7780,0
0,22,118,0,8143,0
1,23,90,0,1041,0
1,22,10,1,4892,0
0,27,174,0,3560,0
0,24,111,0,4830,0
1,30,96,1,7787,0
1,25,41,1,1762,0
1,23,193,1,7502,0
1,20,196,1,6401,0
0,28,190,0,4096,0
0,30,149,0,6345,0
0,30,103,1,2496,0
0,25,17,0,1411,0
0,27,47,1,8227,0
1,27,102,0,9567,0
0,28,197,1,8669,0
0,22,141,1,8448,0
1,20,38,1,2603,0
0,26,94,1,6345,0
1,23,37,1,9481,0
0,29,149,1,424,0
0,27,164,1,5398,0
0,29,105,0,5175,0
1,27,70,0,2455,0
0,24,13,1,787,0
1,26,110,0,3420,0
0,30,93,1,7207,0
1,29,151,0,7370,0
1,24,164,0,9394,0
1,27,69,0,8290,0
0,30,162,1,5123,0
0,27,193,0,7856,0
1,23,53,0,4905,0
1,30,27,1,602,0
1,30,182,0,5334,0
0,23,194,1,7045,0
1,29,70,0,7222,0
0,28,170,1,2418,0
0,26,36,0,9038,0
1,30,44,0,9419,0
1,22,117,0,1961,0
1,20,12,0,4243,0
0,27,168,1,3201,0
0,26,180,1,9106,0
1,25,115,1,3735,0
1,23,158,1,7867,0
1,29,113,1,4551,0
0,21,60,1,9455,0
0,23,112,1,5176,0
1,21,144,0,4445,0
0,23,89,0,8840,0
0,20,120,0,8470,0
0,25,68,1,982,0
0,25,115,1,4959,0
0,26,145,0,8494,0
1,23,180,0,2673,0
1,24,37,0,7780,0
0,30,118,0,8143,0
1,24,90,0,1041,0
1,25,10,1,4892,0
0,25,174,0,3560,0
0,23,111,0,4830,0
1,28,96,1,7787,0
1,25,41,1,1762,0
1,30,193,1,7502,0
1,30,196,1,6401,0
0,21,190,0,4096,0
0,21,149,0,6345,0
0,30,103,1,2496,0
0,27,17,0,1411,0
0,26,47,1,8227,0
1,27,102,0,9567,0
0,24,197,1,8669,0
0,23,141,1,8448,0
1,28,38,1,2603,0
0,29,94,1,6345,0
1,25,37,1,9481,0
0,24,149,1,424,0
0,22,164,1,5398,0
0,21,105,0,5175,0
1,20,70,0,2455,0
0,26,13,1,787,0
1,26,110,0,3420,0
0,26,93,1,7207,0
1,21,151,0,7370,0
1,27,164,0,9394,0
1,24,69,0,8290,0
0,25,162,1,5123,0
0,21,36,0,9038,0
1,23,44,0,9419,0
1,28,117,0,1961,0
1,22,12,0,4243,0
0,30,168,1,3201,0
0,21,180,1,9106,0
1,23,115,1,3735,0
1,25,158,1,7867,0
1,20,113,1,4551,0
0,21,60,1,9455,0
0,29,112,1,5176,0
1,23,144,0,4445,0
0,24,89,0,8840,0
0,28,120,0,8470,0
0,22,68,1,982,0
0,29,115,1,4959,0
0,25,145,0,8494,0
1,28,180,0,2673,0
1,20,37,0,7780,0
0,20,118,0,8143,0
1,29,90,0,1041,0
1,21,10,1,4892,0
0,20,174,0,3560,0
0,23,111,0,4830,0
1,29,96,1,7787,0
1,20,41,1,1762,0
1,27,193,1,7502,0
1,30,196,1,6401,0
0,30,190,0,4096,0
0,29,149,0,6345,0
0,21,103,1,2496,0
0,27,17,0,1411,0
0,26,47,1,8227,0
1,22,102,0,9567,0
0,26,197,1,8669,0
0,30,141,1,8448,0
1,21,38,1,2603,0
0,25,94,1,6345,0
1,26,37,1,9481,0
0,29,149,1,424,0
0,30,164,1,5398,0
0,28,105,0,5175,0
1,23,70,0,2455,0
0,23,13,1,787,0
1,29,110,0,3420,0
0,22,93,1,7207,0
1,20,151,0,7370,0
1,30,164,0,9394,0
1,27,69,0,8290,0
0,27,162,1,5123,0
0,28,193,0,7856,0
1,28,53,0,4905,0
1,22,27,1,602,0
1,30,182,0,5334,0
0,23,194,1,7045,0
1,24,70,0,7222,0
0,26,170,1,2418,0
0,30,36,0,9038,0
1,29,44,0,9419,0
1,27,117,0,1961,0
1,29,12,0,4243,0
0,23,168,1,3201,0
0,20,180,1,9106,0
1,27,115,1,3735,0
1,25,158,1,7867,0
1,20,113,1,4551,0
0,22,60,1,9455,0
0,29,112,1,5176,0
1,21,144,0,4445,0
0,24,89,0,8840,0
0,29,120,0,8470,0
0,22,68,1,982,0
0,22,115,1,4959,0
0,30,145,0,8494,0
1,21,180,0,2673,0
1,23,37,0,7780,0
0,24,118,0,8143,0
1,26,90,0,1041,0
1,21,10,1,4892,0
0,25,174,0,3560,0
0,26,111,0,4830,0
1,28,96,1,7787,0
1,30,41,1,1762,0
1,25,193,1,7502,0
1,25,196,1,6401,0
0,27,190,0,4096,0
0,26,149,0,6345,0
0,28,103,1,2496,0
0,26,17,0,1411,0
0,27,47,1,8227,0
1,22,102,0,9567,0
0,26,197,1,8669,0
0,21,141,1,8448,0
1,28,38,1,2603,0
0,21,94,1,6345,0
1,26,37,1,9481,0
0,20,149,1,424,0
0,20,164,1,5398,0
0,27,105,0,5175,0
1,20,70,0,2455,0
0,30,13,1,787,0
1,26,110,0,3420,0
0,30,93,1,7207,0
1,21,151,0,7370,0
1,20,164,0,9394,0
1,30,69,0,8290,0
0,27,162,1,5123,0
0,20,36,0,9038,0
1,24,44,0,9419,0
1,28,117,0,1961,0
1,27,12,0,4243,0
0,21,168,1,3201,0
0,25,180,1,9106,0
1,20,115,1,3735,0
1,28,158,1,7867,0
1,27,113,1,4551,0
0,25,60,1,9455,0
0,26,112,1,5176,0
1,28,144,0,4445,0
0,23,89,0,8840,0
0,21,120,0,8470,0
0,21,68,1,982,0
0,22,115,1,4959,0
0,28,145,0,8494,0
1,25,180,0,2673,0
1,24,37,0,7780,0
0,21,118,0,8143,0
1,20,90,0,1041,0
1,30,10,1,4892,0
0,23,174,0,3560,0
0,22,111,0,4830,0
1,27,96,1,7787,0
1,30,41,1,1762,0
1,28,193,1,7502,0
1,23,196,1,6401,0
0,28,190,0,4096,0
0,28,149,0,6345,0
0,28,103,1,2496,0
0,25,17,0,1411,0
0,21,47,1,8227,0
1,27,102,0,9567,0
0,21,197,1,8669,0
0,21,141,1,8448,0
1,29,38,1,2603,0
0,21,94,1,6345,0
1,24,37,1,9481,0
0,24,149,1,424,0
0,20,164,1,5398,0
0,28,105,0,5175,0
1,20,70,0,2455,0
0,21,13,1,787,0
1,26,110,0,3420,0
0,20,93,1,7207,0
1,26,151,0,7370,0
1,25,164,0,9394,0
1,29,69,0,8290,0
0,29,162,1,5123,0
0,25,193,0,7856,0
1,23,53,0,4905,0
1,21,27,1,602,0
1,30,182,0,5334,0
0,21,194,1,7045,0
1,25,70,0,7222,0
0,24,170,1,2418,0
0,30,36,0,9038,0
1,25,44,0,9419,0
1,28,117,0,1961,0
1,27,12,0,4243,0
0,30,168,1,3201,0
0,23,180,1,9106,0
1,26,115,1,3735,0
1,24,158,1,7867,0
1,26,113,1,4551,0
0,24,60,1,9455,0
0,26,112,1,5176,0
1,26,144,0,4445,0
0,24,89,0,8840,0
0,22,120,0,8470,0
0,23,68,1,982,0
0,26,115,1,4959,0
0,28,145,0,8494,0
1,22,180,0,2673,0
1,29,37,0,7780,0
0,29,118,0,8143,0
1,20,90,0,1041,0
1,23,10,1,4892,0
0,20,174,0,3560,0
0,22,111,0,4830,0
1,22,96,1,7787,0
1,30,41,1,1762,0
1,21,193,1,7502,0
1,28,196,1,6401,0
0,25,190,0,4096,0
0,25,149,0,6345,0
0,28,103,1,2496,0
0,21,17,0,1411,0
0,24,47,1,8227,0
1,24,102,0,9567,0
0,30,197,1,8669,0
0,26,141,1,8448,0
1,20,38,1,2603,0
0,30,94,1,6345,0
1,25,37,1,9481,0
0,29,149,1,424,0
0,22,164,1,5398,0
0,28,105,0,5175,0
1,26,70,0,2455,0
0,25,13,1,787,0
1,30,110,0,3420,0
0,24,93,1,7207,0
1,27,151,0,7370,0
1,25,164,0,9394,0
1,26,69,0,8290,0
0,30,162,1,5123,0
0,26,36,0,9038,0
1,26,44,0,9419,0
1,26,117,0,1961,0
1,23,12,0,4243,0
0,20,168,1,3201,0
0,20,180,1,9106,0
1,26,115,1,3735,0
1,23,158,1,7867,0
1,22,113,1,4551,0
0,21,60,1,9455,0
0,29,112,1,5176,0
1,22,144,0,4445,0
0,30,89,0,8840,0
0,26,120,0,8470,0
0,28,68,1,982,0
0,20,115,1,4959,0
0,24,145,0,8494,0
1,21,180,0,2673,0
1,28,37,0,7780,0
0,24,118,0,8143,0
1,26,90,0,1041,0
1,22,10,1,4892,0
0,24,174,0,3560,0
0,21,111,0,4830,0
1,21,96,1,7787,0
1,23,41,1,1762,0
1,24,193,1,7502,0
1,23,196,1,6401,0
0,28,190,0,4096,0
0,22,149,0,6345,0
0,20,103,1,2496,0
0,30,17,0,1411,0
0,24,47,1,8227,0
1,25,102,0,9567,0
0,26,197,1,8669,0
0,20,141,1,8448,0
1,29,38,1,2603,0
0,28,94,1,6345,0
1,23,37,1,9481,0
0,21,149,1,424,0
0,20,164,1,5398,0
0,20,105,0,5175,0
1,25,70,0,2455,0
0,22,13,1,787,0
1,29,110,0,3420,0
0,20,93,1,7207,0
1,20,151,0,7370,0
1,20,164,0,9394,0
1,21,69,0,8290,0
0,24,162,1,5123,0
0,28,193,0,7856,0
1,24,53,0,4905,0
1,28,27,1,602,0
1,30,182,0,5334,0
0,23,194,1,7045,0
1,27,70,0,7222,0
0,29,170,1,2418,0
0,24,36,0,9038,0
1,22,44,0,9419,0
1,23,117,0,1961,0
1,25,12,0,4243,0
0,22,168,1,3201,0
0,22,180,1,9106,0
1,22,115,1,3735,0
1,29,158,1,7867,0
1,22,113,1,4551,0
0,27,60,1,9455,0
0,30,112,1,5176,0
1,22,144,0,4445,0
0,28,89,0,8840,0
0,23,120,0,8470,0
0,27,68,1,982,0
0,26,115,1,4959,0
0,21,145,0,8494,0
1,26,180,0,2673,0
1,26,37,0,7780,0
0,30,118,0,8143,0
1,24,90,0,1041,0
1,30,10,1,4892,0
0,21,174,0,3560,0
0,20,111,0,4830,0
1,21,96,1,7787,0
1,24,41,1,1762,0
1,24,193,1,7502,0
1,20,196,1,6401,0
0,29,190,0,4096,0
0,25,149,0,6345,0
0,28,103,1,2496,0
0,21,17,0,1411,0
0,26,47,1,8227,0
1,28,102,0,9567,0
0,28,197,1,8669,0
0,28,141,1,8448,0
1,29,38,1,2603,0
0,22,94,1,6345,0
1,26,37,1,9481,0
0,25,149,1,424,0
0,30,164,1,5398,0
0,21,105,0,5175,0
1,30,70,0,2455,0
0,23,13,1,787,0
1,30,110,0,3420,0
0,30,93,1,7207,0
1,21,151,0,7370,0
1,27,164,0,9394,0
1,30,69,0,8290,0
0,24,162,1,5123,0
0,21,36,0,9038,0
1,22,44,0,9419,0
1,28,117,0,1961,0
1,24,12,0,4243,0
0,22,168,1,3201,0
0,28,180,1,9106,0
1,27,115,1,3735,0
1,22,158,1,7867,0
1,21,113,1,4551,0
0,27,60,1,9455,0
0,30,112,1,5176,0
1,28,144,0,4445,0
0,24,89,0,8840,0
0,25,120,0,8470,0
0,24,68,1,982,0
0,24,115,1,4959,0
0,24,145,0,8494,0
1,21,180,0,2673,0
1,20,37,0,7780,0
0,24,118,0,8143,0
1,22,90,0,1041,0
1,20,10,1,4892,0
0,27,174,0,3560,0
0,25,111,0,4830,0
1,24,96,1,7787,0
1,30,41,1,1762,0
1,20,193,1,7502,0
1,23,196,1,6401,0
0,27,190,0,4096,0
0,24,149,0,6345,0
0,26,103,1,2496,0
0,30,17,0,1411,0
0,27,47,1,8227,0
1,30,102,0,9567,0
0,20,197,1,8669,0
0,26,141,1,8448,0
1,29,38,1,2603,0
0,30,94,1,6345,0
1,20,37,1,9481,0
0,26,149,1,424,0
0,26,164,1,5398,0
0,25,105,0,5175,0
1,20,70,0,2455,0
0,22,13,1,787,0
1,23,110,0,3420,0
0,27,93,1,7207,0
1,20,151,0,7370,0
1,30,164,0,9394,0
1,26,69,0,8290,0
0,29,162,1,5123,0
0,29,193,0,7856,0
1,28,53,0,4905,0
1,20,27,1,602,0
1,30,182,0,5334,0
0,21,194,1,7045,0
1,22,70,0,7222,0
0,26,170,1,2418,0
0,22,36,0,9038,0
1,22,44,0,9419,0
1,25,117,0,1961,0
1,25,12,0,4243,0
0,26,168,1,3201,0
0,25,180,1,9106,0
1,20,115,1,3735,0
1,23,158,1,7867,0
1,30,113,1,4551,0
0,26,60,1,9455,0
0,29,112,1,5176,0
1,20,144,0,4445,0
0,28,89,0,8840,0
0,28,120,0,8470,0
0,24,68,1,982,0
0,26,115,1,4959,0
0,26,145,0,8494,0
1,23,180,0,2673,0
1,28,37,0,7780,0
0,24,118,0,8143,0
1,23,90,0,1041,0
1,25,10,1,4892,0
0,22,174,0,3560,0
0,26,111,0,4830,0
1,23,96,1,7787,0
1,28,41,1,1762,0
1,25,193,1,7502,0
1,20,196,1,6401,0
0,30,190,0,4096,0
0,24,149,0,6345,0
0,24,103,1,2496,0
0,21,17,0,1411,0
0,20,47,1,8227,0
1,26,102,0,9567,0
0,26,197,1,8669,0
0,21,141,1,8448,0
1,21,38,1,2603,0
0,28,94,1,6345,0
1,30,37,1,9481,0
0,26,149,1,424,0
0,24,164,1,5398,0
0,29,105,0,5175,0
1,29,70,0,2455,0
0,26,13,1,787,0
1,29,110,0,3420,0
0,27,93,1,7207,0
1,23,151,0,7370,0
1,21,164,0,9394,0
1,21,69,0,8290,0
0,20,162,1,5123,0
0,27,36,0,9038,0
1,23,44,0,9419,0
1,25,117,0,1961,0
1,27,12,0,4243,0
0,22,168,1,3201,0
0,22,180,1,9106,0
1,24,115,1,3735,0
1,27,158,1,7867,0
1,25,113,1,4551,0
0,21,60,1,9455,0
0,28,112,1,5176,0
1,20,144,0,4445,0
0,22,89,0,8840,0
0,22,120,0,8470,0
0,30,68,1,982,0
0,21,115,1,4959,0
0,21,145,0,8494,0
1,24,180,0,2673,0
1,24,37,0,7780,0
0,28,118,0,8143,0
1,23,90,0,1041,0
1,26,10,1,4892,0
0,21,174,0,3560,0
0,20,111,0,4830,0
1,23,96,1,7787,0
1,30,41,1,1762,0
1,27,193,1,7502,0
1,26,196,1,6401,0
0,24,190,0,4096,0
0,30,149,0,6345,0
0,26,103,1,2496,0
0,24,17,0,1411,0
0,20,47,1,8227,0
1,23,102,0,9567,0
0,26,197,1,8669,0
0,29,141,1,8448,0
1,23,38,1,2603,0
0,24,94,1,6345,0
1,27,37,1,9481,0
0,24,149,1,424,0
0,24,164,1,5398,0
0,22,105,0,5175,0
1,20,70,0,2455,0
0,27,13,1,787,0
1,25,110,0,3420,0
0,26,93,1,7207,0
1,25,151,0,7370,0
1,27,164,0,9394,0
1,23,69,0,8290,0
0,27,162,1,5123,0
0,29,193,0,7856,0
1,24,53,0,4905,0
1,22,27,1,602,0
1,26,182,0,5334,0
0,30,194,1,7045,0
1,24,70,0,7222,0
0,30,170,1,2418,0
0,25,36,0,9038,0
1,20,44,0,9419,0
1,25,117,0,1961,0
1,20,12,0,4243,0
0,24,168,1,3201,0
0,21,180,1,9106,0
1,20,115,1,3735,0
1,25,158,1,7867,0
1,23,113,1,4551,0
0,22,60,1,9455,0
0,26,112,1,5176,0
1,23,144,0,4445,0
0,30,89,0,8840,0
0,26,120,0,8470,0
0,22,68,1,982,0
0,26,115,1,4959,0
0,20,145,0,8494,0
1,25,180,0,2673,0
1,30,37,0,7780,0
0,22,118,0,8143,0
1,29,90,0,1041,0
1,26,10,1,4892,0
0,23,174,0,3560,0
0,23,111,0,4830,0
1,30,96,1,7787,0
1,27,41,1,1762,0
1,24,193,1,7502,0
1,26,196,1,6401,0
0,29,190,0,4096,0
0,24,149,0,6345,0
0,23,103,1,2496,0
0,29,17,0,1411,0
0,23,47,1,8227,0
1,23,102,0,9567,0
0,30,197,1,8669,0
0,27,141,1,8448,0
1,26,38,1,2603,0
0,30,94,1,6345,0
1,26,37,1,9481,0
0,25,149,1,424,0
0,29,164,1,5398,0
0,22,105,0,5175,0
1,28,70,0,2455,0
0,22,13,1,787,0
1,25,110,0,3420,0
0,22,93,1,7207,0
1,23,151,0,7370,0
1,22,164,0,9394,0
1,29,69,0,8290,0
0,30,162,1,5123,0
0,24,36,0,9038,0
1,30,44,0,9419,0
1,23,117,0,1961,0
1,30,12,0,4243,0
0,25,168,1,3201,0
0,21,180,1,9106,0
1,23,115,1,3735,0
1,30,158,1,7867,0
1,23,113,1,4551,0
0,22,60,1,9455,0
0,26,112,1,5176,0
1,30,144,0,4445,0
0,20,89,0,8840,0
0,30,120,0,8470,0
0,27,68,1,982,0
0,25,115,1,4959,0
0,26,145,0,8494,0
1,26,180,0,2673,0
1,25,37,0,7780,0
0,26,118,0,8143,0
1,27,90,0,1041,0
1,30,10,1,4892,0
0,25,174,0,3560,0
0,23,111,0,4830,0
1,25,96,1,7787,0
1,23,41,1,1762,0
1,27,193,1,7502,0
1,24,196,1,6401,0
0,29,190,0,4096,0
0,29,149,0,6345,0
0,22,103,1,2496,0
0,27,17,0,1411,0
0,30,47,1,8227,0
1,20,102,0,9567,0
0,27,197,1,8669,0
0,28,141,1,8448,0
1,21,38,1,2603,0
0,25,94,1,6345,0
1,22,37,1,9481,0
0,29,149,1,424,0
0,30,164,1,5398,0
0,23,105,0,5175,0
1,28,70,0,2455,0
0,24,13,1,787,0
1,26,110,0,3420,0
0,26,93,1,7207,0
1,25,151,0,7370,0
1,23,164,0,9394,0
1,26,69,0,8290,0
0,23,162,1,5123,0